date,open,high,low,close,adj_close,volume
2020-01-02,74.05999755859375,75.1500015258789,73.79750061035156,75.0875015258789,73.89433288574219,135480400
2020-01-03,74.2874984741211,75.1449966430664,74.125,74.35749816894531,73.1759262084961,146322800
2020-01-06,73.44750213623047,74.98999786376953,73.1875,74.94999694824219,73.7590103149414,118387200
2020-01-07,74.95999908447266,75.2249984741211,74.37000274658203,74.59750366210938,73.41212463378906,108872000
2020-01-08,74.29000091552734,76.11000061035156,74.29000091552734,75.79750061035156,74.59303283691406,132079200
2020-01-09,76.80999755859375,77.60749816894531,76.55000305175781,77.40750122070312,76.17745971679688,170108400
2020-01-10,77.6500015258789,78.1675033569336,77.0625,77.5824966430664,76.34967041015625,140644800
2020-01-13,77.91000366210938,79.26750183105469,77.7874984741211,79.23999786376953,77.9808349609375,121532000
2020-01-14,79.17500305175781,79.39250183105469,78.0425033569336,78.16999816894531,76.9278335571289,161954400
2020-01-15,77.9625015258789,78.875,77.38749694824219,77.83499908447266,76.5981674194336,121923600
2020-01-16,78.39749908447266,78.92500305175781,78.02249908447266,78.80999755859375,77.55766296386719,108829200
2020-01-17,79.06749725341797,79.68499755859375,78.75,79.68250274658203,78.41630554199219,137816400
2020-01-21,79.29750061035156,79.75499725341797,79.0,79.14250183105469,77.88488006591797,110843200
2020-01-22,79.6449966430664,79.99749755859375,79.32749938964844,79.42500305175781,78.16291046142578,101832400
2020-01-23,79.4800033569336,79.88999938964844,78.9124984741211,79.80750274658203,78.5393295288086,104472000
2020-01-24,80.0625,80.8324966430664,79.37999725341797,79.57749938964844,78.31298065185547,146537600
2020-01-27,77.51499938964844,77.94249725341797,76.22000122070312,77.23750305175781,76.01017761230469,161940000
2020-01-28,78.1500015258789,79.5999984741211,78.04750061035156,79.42250061035156,78.16043090820312,162234000
2020-01-29,81.11250305175781,81.9625015258789,80.34500122070312,81.08499908447266,79.79652404785156,216229200
2020-01-30,80.13500213623047,81.02249908447266,79.6875,80.96749877929688,79.6808853149414,126743200
2020-01-31,80.23249816894531,80.66999816894531,77.07250213623047,77.37750244140625,76.14794158935547,199588400
2020-02-03,76.07499694824219,78.37249755859375,75.55500030517578,77.16500091552734,75.9388198852539,173788400
2020-02-04,78.82749938964844,79.91000366210938,78.40750122070312,79.7125015258789,78.44583892822266,136616400
2020-02-05,80.87999725341797,81.19000244140625,79.73750305175781,80.36250305175781,79.08550262451172,118826800
2020-02-06,80.64250183105469,81.30500030517578,80.06500244140625,81.30249786376953,80.01057434082031,105425600
2020-02-07,80.59249877929688,80.8499984741211,79.5,80.00749969482422,78.92300415039062,117684000
2020-02-10,78.54499816894531,80.38749694824219,78.4625015258789,80.38749694824219,79.29785919189453,109348800
2020-02-11,80.9000015258789,80.9749984741211,79.67749786376953,79.90249633789062,78.81942749023438,94323200
2020-02-12,80.36750030517578,81.80500030517578,80.36750030517578,81.80000305175781,80.69121551513672,113730400
2020-02-13,81.04750061035156,81.55500030517578,80.8375015258789,81.21749877929688,80.11660766601562,94747600
2020-02-14,81.18499755859375,81.49500274658203,80.7125015258789,81.23750305175781,80.1363296508789,80113600
2020-02-18,78.83999633789062,79.9375,78.65249633789062,79.75,78.66899108886719,152531200
2020-02-19,80.0,81.14250183105469,80.0,80.90499877929688,79.80834197998047,93984000
2020-02-20,80.65750122070312,81.1624984741211,79.55249786376953,80.07499694824219,78.98959350585938,100566000
2020-02-21,79.65499877929688,80.11250305175781,77.625,78.26249694824219,77.20166015625,129554000
2020-02-24,74.31500244140625,76.04499816894531,72.30750274658203,74.54499816894531,73.53453826904297,222195200
2020-02-25,75.23750305175781,75.63249969482422,71.53250122070312,72.0199966430664,71.04376983642578,230673600
2020-02-26,71.63249969482422,74.47000122070312,71.625,73.1624984741211,72.17079162597656,198054800
2020-02-27,70.2750015258789,71.5,68.23999786376953,68.37999725341797,67.453125,320605600
2020-02-28,64.31500244140625,69.60250091552734,64.09249877929688,68.33999633789062,67.41366577148438,426510000
2020-03-02,70.56999969482422,75.36000061035156,69.43000030517578,74.70249938964844,73.6899185180664,341397200
2020-03-03,75.9175033569336,76.0,71.44999694824219,72.33000183105469,71.34957122802734,319475600
2020-03-04,74.11000061035156,75.8499984741211,73.28250122070312,75.68499755859375,74.65908813476562,219178400
2020-03-05,73.87999725341797,74.88749694824219,72.85250091552734,73.2300033569336,72.23738098144531,187572800
2020-03-06,70.5,72.70500183105469,70.30750274658203,72.25749969482422,71.27806091308594,226176800
2020-03-09,65.9375,69.52249908447266,65.75,66.5425033569336,65.64053344726562,286744800
2020-03-10,69.28500366210938,71.61000061035156,67.34249877929688,71.33499908447266,70.36807250976562,285290000
2020-03-11,69.34750366210938,70.30500030517578,67.96499633789062,68.85749816894531,67.92414855957031,255598800
2020-03-12,63.98500061035156,67.5,62.0,62.057498931884766,61.216312408447266,418474000
2020-03-13,66.22250366210938,69.9800033569336,63.23749923706055,69.49250030517578,68.55054473876953,370732000
2020-03-16,60.48749923706055,64.7699966430664,60.0,60.5525016784668,59.731719970703125,322423600
2020-03-17,61.877498626708984,64.40249633789062,59.599998474121094,63.21500015258789,62.358123779296875,324056000
2020-03-18,59.942501068115234,62.5,59.279998779296875,61.66749954223633,60.83160400390625,300233600
2020-03-19,61.84749984741211,63.209999084472656,60.65250015258789,61.19499969482422,60.36550521850586,271857200
2020-03-20,61.79499816894531,62.95750045776367,57.0,57.310001373291016,56.53316879272461,401693200
2020-03-23,57.02000045776367,57.125,53.15250015258789,56.092498779296875,55.33216857910156,336752800
2020-03-24,59.09000015258789,61.92250061035156,58.57500076293945,61.720001220703125,60.88339614868164,287531200
2020-03-25,62.6875,64.5625,61.07500076293945,61.380001068115234,60.54800033569336,303602000
2020-03-26,61.630001068115234,64.66999816894531,61.59000015258789,64.61000061035156,63.73421859741211,252087200
2020-03-27,63.1875,63.967498779296875,61.76250076293945,61.935001373291016,61.095481872558594,204216800
2020-03-30,62.685001373291016,63.880001068115234,62.349998474121094,63.70249938964844,62.83901596069336,167976400
2020-03-31,63.900001525878906,65.62249755859375,63.0,63.5724983215332,62.71078109741211,197002000
2020-04-01,61.625,62.18000030517578,59.782501220703125,60.227500915527344,59.41112518310547,176218400
2020-04-02,60.084999084472656,61.287498474121094,59.224998474121094,61.23249816894531,60.402496337890625,165934000
2020-04-03,60.70000076293945,61.42499923706055,59.74250030517578,60.352500915527344,59.5344352722168,129880000
2020-04-06,62.724998474121094,65.77749633789062,62.345001220703125,65.61750030517578,64.72806549072266,201820400
2020-04-07,67.69999694824219,67.92500305175781,64.75,64.85749816894531,63.978363037109375,202887200
2020-04-08,65.68499755859375,66.84249877929688,65.30750274658203,66.51750183105469,65.6158676147461,168895200
2020-04-09,67.17500305175781,67.51750183105469,66.17500305175781,66.99749755859375,66.08934783935547,161834800
2020-04-13,67.07749938964844,68.42500305175781,66.4574966430664,68.3125,67.38653564453125,131022800
2020-04-14,70.0,72.0625,69.51249694824219,71.76249694824219,70.78976440429688,194994800
2020-04-15,70.5999984741211,71.5824966430664,70.15750122070312,71.10749816894531,70.14363861083984,131154400
2020-04-16,71.84500122070312,72.05000305175781,70.5875015258789,71.67250061035156,70.70099639892578,157125200
2020-04-17,71.17250061035156,71.73750305175781,69.21499633789062,70.69999694824219,69.74166870117188,215250000
2020-04-20,69.48750305175781,70.41999816894531,69.2125015258789,69.23249816894531,68.29405975341797,130015200
2020-04-21,69.06999969482422,69.3125,66.35749816894531,67.09249877929688,66.1830825805664,180991600
2020-04-22,68.40249633789062,69.4749984741211,68.05000305175781,69.0250015258789,68.08937072753906,116862400
2020-04-23,68.96749877929688,70.4375,68.71749877929688,68.75749969482422,67.82549285888672,124814400
2020-04-24,69.30000305175781,70.75250244140625,69.25,70.74250030517578,69.7835922241211,126161200
2020-04-27,70.44999694824219,71.13500213623047,69.98750305175781,70.7925033569336,69.83292388916016,117087600
2020-04-28,71.2699966430664,71.4574966430664,69.55000305175781,69.6449966430664,68.70095825195312,112004800
2020-04-29,71.18250274658203,72.4175033569336,70.97250366210938,71.93250274658203,70.95745849609375,137280800
2020-04-30,72.48999786376953,73.63249969482422,72.0875015258789,73.44999694824219,72.45438385009766,183064000
2020-05-01,71.5625,74.75,71.4625015258789,72.26750183105469,71.28792572021484,240616800
2020-05-04,72.2925033569336,73.42250061035156,71.58000183105469,73.29000091552734,72.29656219482422,133568000
2020-05-05,73.76499938964844,75.25,73.61499786376953,74.38999938964844,73.38165283203125,147751200
2020-05-06,75.11499786376953,75.80999755859375,74.71749877929688,75.15750122070312,74.13874053955078,142333600
2020-05-07,75.80500030517578,76.2925033569336,75.49250030517578,75.93499755859375,74.90570831298828,115215200
2020-05-08,76.41000366210938,77.5875015258789,76.07250213623047,77.53250122070312,76.68859100341797,133838400
2020-05-11,77.0250015258789,79.26249694824219,76.80999755859375,78.75250244140625,77.89530944824219,145946400
2020-05-12,79.4574966430664,79.92250061035156,77.72750091552734,77.85250091552734,77.0051040649414,162301200
2020-05-13,78.0374984741211,78.98750305175781,75.80249786376953,76.9124984741211,76.07533264160156,200622400
2020-05-14,76.12750244140625,77.44750213623047,75.38249969482422,77.38500213623047,76.54269409179688,158929200
2020-05-15,75.0875015258789,76.9749984741211,75.05249786376953,76.92749786376953,76.09016418457031,166348400
2020-05-18,78.2925033569336,79.125,77.58000183105469,78.73999786376953,77.88294219970703,135178400
2020-05-19,78.75749969482422,79.62999725341797,78.25250244140625,78.28500366210938,77.43291473388672,101729600
2020-05-20,79.16999816894531,79.87999725341797,79.12999725341797,79.80750274658203,78.93883514404297,111504800
2020-05-21,79.66500091552734,80.22250366210938,78.96749877929688,79.2125015258789,78.35031127929688,102688800
2020-05-22,78.94249725341797,79.80750274658203,78.8375015258789,79.72250366210938,78.85477447509766,81803200
2020-05-26,80.875,81.05999755859375,79.125,79.18250274658203,78.32063293457031,125522000
2020-05-27,79.03500366210938,79.67749786376953,78.27249908447266,79.52749633789062,78.66188049316406,112945200
2020-05-28,79.19249725341797,80.86000061035156,78.90750122070312,79.5625,78.69649505615234,133560800
2020-05-29,79.8125,80.2874984741211,79.11750030517578,79.48500061035156,78.61984252929688,153532400
2020-06-01,79.4375,80.5875015258789,79.30249786376953,80.4625015258789,79.58670043945312,80791200
2020-06-02,80.1875,80.86000061035156,79.73249816894531,80.83499908447266,79.95514678955078,87642800
2020-06-03,81.16500091552734,81.55000305175781,80.57499694824219,81.27999877929688,80.39530181884766,104491200
2020-06-04,81.09750366210938,81.40499877929688,80.19499969482422,80.58000183105469,79.7029037475586,87560400
2020-06-05,80.8375015258789,82.9375,80.80750274658203,82.875,81.97293853759766,137250400
2020-06-08,82.5625,83.4000015258789,81.83000183105469,83.36499786376953,82.45759582519531,95654400
2020-06-09,83.03500366210938,86.40249633789062,83.00250244140625,85.99749755859375,85.06145477294922,147712400
2020-06-10,86.9749984741211,88.69249725341797,86.52249908447266,88.20999908447266,87.24987030029297,166651600
2020-06-11,87.32749938964844,87.76499938964844,83.87000274658203,83.9749984741211,83.06096649169922,201662400
2020-06-12,86.18000030517578,86.94999694824219,83.55500030517578,84.69999694824219,83.77806854248047,200146000
2020-06-15,83.3125,86.41999816894531,83.1449966430664,85.74749755859375,84.81417846679688,138808800
2020-06-16,87.86499786376953,88.30000305175781,86.18000030517578,88.0199966430664,87.06194305419922,165428800
2020-06-17,88.7874984741211,88.8499984741211,87.77249908447266,87.89749908447266,86.94078063964844,114406400
2020-06-18,87.85250091552734,88.36250305175781,87.30500030517578,87.93250274658203,86.97539520263672,96820400
2020-06-19,88.66000366210938,89.13999938964844,86.2874984741211,87.43000030517578,86.47836303710938,264476000
2020-06-22,87.83499908447266,89.86499786376953,87.7874984741211,89.71749877929688,88.74095153808594,135445200
2020-06-23,91.0,93.09500122070312,90.56749725341797,91.63249969482422,90.63511657714844,212155600
2020-06-24,91.25,92.19750213623047,89.62999725341797,90.01499938964844,89.03522491455078,192623200
2020-06-25,90.17500305175781,91.25,89.39250183105469,91.20999908447266,90.21720886230469,137522400
2020-06-26,91.10250091552734,91.33000183105469,88.25499725341797,88.40750122070312,87.44522094726562,205256800
2020-06-29,88.3125,90.5425033569336,87.81999969482422,90.44499969482422,89.46054077148438,130646000
2020-06-30,90.0199966430664,91.49500274658203,90.0,91.19999694824219,90.20731353759766,140223200
2020-07-01,91.27999877929688,91.83999633789062,90.97750091552734,91.02749633789062,90.03669738769531,110737200
2020-07-02,91.9625015258789,92.61750030517578,90.91000366210938,91.02749633789062,90.03669738769531,114041600
2020-07-06,92.5,93.94499969482422,92.46749877929688,93.4625015258789,92.44519805908203,118655600
2020-07-07,93.85250091552734,94.65499877929688,93.05750274658203,93.17250061035156,92.15835571289062,112424400
2020-07-08,94.18000030517578,95.375,94.08999633789062,95.34249877929688,94.30474090576172,117092000
2020-07-09,96.26249694824219,96.31749725341797,94.67250061035156,95.75250244140625,94.71026611328125,125642800
2020-07-10,95.33499908447266,95.9800033569336,94.70500183105469,95.91999816894531,94.8759536743164,90257200
2020-07-13,97.26499938964844,99.95500183105469,95.25749969482422,95.47750091552734,94.43826293945312,191649200
2020-07-14,94.83999633789062,97.25499725341797,93.87750244140625,97.05750274658203,96.0010757446289,170989200
2020-07-15,98.98999786376953,99.24749755859375,96.48999786376953,97.7249984741211,96.66130065917969,153198000
2020-07-16,96.5625,97.40499877929688,95.90499877929688,96.52249908447266,95.47189331054688,110577600
2020-07-17,96.98750305175781,97.14749908447266,95.83999633789062,96.32749938964844,95.27901458740234,92186800
2020-07-20,96.4175033569336,98.5,96.0625,98.35749816894531,97.28692626953125,90318000
2020-07-21,99.17250061035156,99.25,96.74250030517578,97.0,95.94418334960938,103433200
2020-07-22,96.69249725341797,97.9749984741211,96.60250091552734,97.27249908447266,96.21372985839844,89001600
2020-07-23,96.99749755859375,97.07749938964844,92.01000213623047,92.84500122070312,91.83443450927734,197004400
2020-07-24,90.98750305175781,92.97000122070312,89.1449966430664,92.61499786376953,91.60691833496094,185438800
2020-07-27,93.70999908447266,94.90499877929688,93.4800033569336,94.80999755859375,93.77803039550781,121214000
2020-07-28,94.36750030517578,94.55000305175781,93.24749755859375,93.25250244140625,92.23748779296875,103625600
2020-07-29,93.75,95.2300033569336,93.7125015258789,95.04000091552734,94.00553131103516,90329200
2020-07-30,94.1875,96.29750061035156,93.76750183105469,96.19000244140625,95.14302062988281,158130000
2020-07-31,102.88500213623047,106.41500091552734,100.82499694824219,106.26000213623047,105.10340118408203,374336800
2020-08-03,108.19999694824219,111.63749694824219,107.89250183105469,108.9375,107.75176239013672,308151200
2020-08-04,109.13249969482422,110.79000091552734,108.38749694824219,109.66500091552734,108.4713363647461,173071600
2020-08-05,109.37750244140625,110.39250183105469,108.89749908447266,110.0625,108.86451721191406,121776800
2020-08-06,110.40499877929688,114.4124984741211,109.79750061035156,113.90249633789062,112.6627197265625,202428800
2020-08-07,113.20500183105469,113.67500305175781,110.2925033569336,111.11250305175781,110.10124206542969,198045600
2020-08-10,112.5999984741211,113.7750015258789,110.0,112.72750091552734,111.70155334472656,212403600
2020-08-11,111.97000122070312,112.48249816894531,109.10749816894531,109.375,108.37956237792969,187902400
2020-08-12,110.49749755859375,113.2750015258789,110.29750061035156,113.01000213623047,111.98149108886719,165598000
2020-08-13,114.43000030517578,116.0425033569336,113.92749786376953,115.01000213623047,113.96327209472656,210082000
2020-08-14,114.83000183105469,115.0,113.04499816894531,114.90750122070312,113.86170959472656,165565200
2020-08-17,116.0625,116.0875015258789,113.9625015258789,114.60749816894531,113.56443786621094,119561600
2020-08-18,114.35250091552734,116.0,114.00749969482422,115.5625,114.51074981689453,105633600
2020-08-19,115.98249816894531,117.1624984741211,115.61000061035156,115.7074966430664,114.6544189453125,145538000
2020-08-20,115.75,118.39250183105469,115.73249816894531,118.2750015258789,117.19855499267578,126907200
2020-08-21,119.26249694824219,124.86750030517578,119.25,124.37000274658203,123.23808288574219,338054800
2020-08-24,128.69749450683594,128.78500366210938,123.9375,125.85749816894531,124.71204376220703,345937600
2020-08-25,124.69750213623047,125.18000030517578,123.05249786376953,124.82499694824219,123.68893432617188,211495600
2020-08-26,126.18000030517578,126.99250030517578,125.0824966430664,126.52249908447266,125.3709945678711,163022400
2020-08-27,127.14250183105469,127.48500061035156,123.8324966430664,125.01000213623047,123.87226104736328,155552400
2020-08-28,126.01249694824219,126.44249725341797,124.57749938964844,124.80750274658203,123.67160034179688,187630000
2020-08-31,127.58000183105469,131.0,126.0,129.0399932861328,127.86558532714844,225702700
2020-09-01,132.75999450683594,134.8000030517578,130.52999877929688,134.17999267578125,132.95880126953125,151948100
2020-09-02,137.58999633789062,137.97999572753906,127.0,131.39999389648438,130.20408630371094,200119000
2020-09-03,126.91000366210938,128.83999633789062,120.5,120.87999725341797,119.77983856201172,257599600
2020-09-04,120.06999969482422,123.69999694824219,110.88999938964844,120.95999908447266,119.85912322998047,332607200
2020-09-08,113.94999694824219,118.98999786376953,112.68000030517578,112.81999969482422,111.793212890625,231366600
2020-09-09,117.26000213623047,119.13999938964844,115.26000213623047,117.31999969482422,116.25224304199219,176940500
2020-09-10,120.36000061035156,120.5,112.5,113.48999786376953,112.45711517333984,182274400
2020-09-11,114.56999969482422,115.2300033569336,110.0,112.0,110.98067474365234,180860300
2020-09-14,114.72000122070312,115.93000030517578,112.80000305175781,115.36000061035156,114.3100814819336,140150100
2020-09-15,118.33000183105469,118.83000183105469,113.61000061035156,115.54000091552734,114.48844909667969,184642000
2020-09-16,115.2300033569336,116.0,112.04000091552734,112.12999725341797,111.1094741821289,154679000
2020-09-17,109.72000122070312,112.19999694824219,108.70999908447266,110.33999633789062,109.33576965332031,178011000
2020-09-18,110.4000015258789,110.87999725341797,106.08999633789062,106.83999633789062,105.86763000488281,287104900
2020-09-21,104.54000091552734,110.19000244140625,103.0999984741211,110.08000183105469,109.07814025878906,195713800
2020-09-22,112.68000030517578,112.86000061035156,109.16000366210938,111.80999755859375,110.79239654541016,183055400
2020-09-23,111.62000274658203,112.11000061035156,106.7699966430664,107.12000274658203,106.14507293701172,150718700
2020-09-24,105.16999816894531,110.25,105.0,108.22000122070312,107.23507690429688,167743300
2020-09-25,108.43000030517578,112.44000244140625,107.66999816894531,112.27999877929688,111.25811767578125,149981400
2020-09-28,115.01000213623047,115.31999969482422,112.77999877929688,114.95999908447266,113.91373443603516,137672400
2020-09-29,114.55000305175781,115.30999755859375,113.56999969482422,114.08999633789062,113.05164337158203,99382200
2020-09-30,113.79000091552734,117.26000213623047,113.62000274658203,115.80999755859375,114.75598907470703,142675200
2020-10-01,117.63999938964844,117.72000122070312,115.83000183105469,116.79000091552734,115.7270736694336,116120400
2020-10-02,112.88999938964844,115.37000274658203,112.22000122070312,113.0199966430664,111.99138641357422,144712000
2020-10-05,113.91000366210938,116.6500015258789,113.55000305175781,116.5,115.43970489501953,106243800
2020-10-06,115.69999694824219,116.12000274658203,112.25,113.16000366210938,112.1301040649414,161498200
2020-10-07,114.62000274658203,115.55000305175781,114.12999725341797,115.08000183105469,114.03263854980469,96849000
2020-10-08,116.25,116.4000015258789,114.58999633789062,114.97000122070312,113.92363739013672,83477200
2020-10-09,115.27999877929688,117.0,114.91999816894531,116.97000122070312,115.90544128417969,100506900
2020-10-12,120.05999755859375,125.18000030517578,119.27999877929688,124.4000015258789,123.26781463623047,240226800
2020-10-13,125.2699966430664,125.38999938964844,119.6500015258789,121.0999984741211,119.99784088134766,262330500
2020-10-14,121.0,123.02999877929688,119.62000274658203,121.19000244140625,120.08702850341797,150712000
2020-10-15,118.72000122070312,121.19999694824219,118.1500015258789,120.70999908447266,119.61139678955078,112559200
2020-10-16,121.27999877929688,121.55000305175781,118.80999755859375,119.0199966430664,117.936767578125,115393800
2020-10-19,119.95999908447266,120.41999816894531,115.66000366210938,115.9800033569336,114.92444610595703,120639300
2020-10-20,116.19999694824219,118.9800033569336,115.62999725341797,117.51000213623047,116.44051361083984,124423700
2020-10-21,116.66999816894531,118.70999908447266,116.44999694824219,116.87000274658203,115.80635070800781,89946000
2020-10-22,117.44999694824219,118.04000091552734,114.58999633789062,115.75,114.69652557373047,101988000
2020-10-23,116.38999938964844,116.55000305175781,114.27999877929688,115.04000091552734,113.99300384521484,82572600
2020-10-26,114.01000213623047,116.55000305175781,112.87999725341797,115.05000305175781,114.0029067993164,111850700
2020-10-27,115.48999786376953,117.27999877929688,114.54000091552734,116.5999984741211,115.5387954711914,92276800
2020-10-28,115.05000305175781,115.43000030517578,111.0999984741211,111.19999694824219,110.18794250488281,143937800
2020-10-29,112.37000274658203,116.93000030517578,112.19999694824219,115.31999969482422,114.27044677734375,146129200
2020-10-30,111.05999755859375,111.98999786376953,107.72000122070312,108.86000061035156,107.8692398071289,190272600
2020-11-02,109.11000061035156,110.68000030517578,107.31999969482422,108.7699966430664,107.78004455566406,122866900
2020-11-03,109.66000366210938,111.48999786376953,108.7300033569336,110.44000244140625,109.43486022949219,107624400
2020-11-04,114.13999938964844,115.58999633789062,112.3499984741211,114.94999694824219,113.90381622314453,138235500
2020-11-05,117.94999694824219,119.62000274658203,116.87000274658203,119.02999877929688,117.9466781616211,126387100
2020-11-06,118.31999969482422,119.19999694824219,116.12999725341797,118.69000244140625,117.81268310546875,114457900
2020-11-09,120.5,121.98999786376953,116.05000305175781,116.31999969482422,115.46019744873047,154515300
2020-11-10,115.55000305175781,117.58999633789062,114.12999725341797,115.97000122070312,115.11279296875,138023400
2020-11-11,117.19000244140625,119.62999725341797,116.44000244140625,119.48999786376953,118.60675811767578,112295000
2020-11-12,119.62000274658203,120.52999877929688,118.56999969482422,119.20999908447266,118.3288345336914,103162300
2020-11-13,119.44000244140625,119.66999816894531,117.87000274658203,119.26000213623047,118.37847137451172,81581900
2020-11-16,118.91999816894531,120.98999786376953,118.1500015258789,120.30000305175781,119.41078186035156,91183000
2020-11-17,119.55000305175781,120.66999816894531,118.95999908447266,119.38999938964844,118.50751495361328,74271000
2020-11-18,118.61000061035156,119.81999969482422,118.0,118.02999877929688,117.15756225585938,76322100
2020-11-19,117.58999633789062,119.05999755859375,116.80999755859375,118.63999938964844,117.7630615234375,74113000
2020-11-20,118.63999938964844,118.7699966430664,117.29000091552734,117.33999633789062,116.47265625,73604300
2020-11-23,117.18000030517578,117.62000274658203,113.75,113.8499984741211,113.00846099853516,127959300
2020-11-24,113.91000366210938,115.8499984741211,112.58999633789062,115.16999816894531,114.31869506835938,113874200
2020-11-25,115.55000305175781,116.75,115.16999816894531,116.02999877929688,115.1723403930664,76499200
2020-11-27,116.56999969482422,117.48999786376953,116.22000122070312,116.58999633789062,115.72820281982422,46691300
2020-11-30,116.97000122070312,120.97000122070312,116.80999755859375,119.05000305175781,118.17002868652344,169410200
2020-12-01,121.01000213623047,123.47000122070312,120.01000213623047,122.72000122070312,121.81290435791016,127728200
2020-12-02,122.0199966430664,123.37000274658203,120.88999938964844,123.08000183105469,122.17024230957031,89004200
2020-12-03,123.5199966430664,123.77999877929688,122.20999908447266,122.94000244140625,122.0312728881836,78967600
2020-12-04,122.5999984741211,122.86000061035156,121.5199966430664,122.25,121.34637451171875,78260400
2020-12-07,122.30999755859375,124.56999969482422,122.25,123.75,122.83528137207031,86712000
2020-12-08,124.37000274658203,124.9800033569336,123.08999633789062,124.37999725341797,123.46062469482422,82225500
2020-12-09,124.52999877929688,125.94999694824219,121.0,121.77999877929688,120.87984466552734,115089200
2020-12-10,120.5,123.87000274658203,120.1500015258789,123.23999786376953,122.32904815673828,81312200
2020-12-11,122.43000030517578,122.76000213623047,120.55000305175781,122.41000366210938,121.50518798828125,86939800
2020-12-14,122.5999984741211,123.3499984741211,121.54000091552734,121.77999877929688,120.87984466552734,79184500
2020-12-15,124.33999633789062,127.9000015258789,124.12999725341797,127.87999725341797,126.93475341796875,157243700
2020-12-16,127.41000366210938,128.3699951171875,126.55999755859375,127.80999755859375,126.86526489257812,98208600
2020-12-17,128.89999389648438,129.5800018310547,128.0399932861328,128.6999969482422,127.74869537353516,94359800
2020-12-18,128.9600067138672,129.10000610351562,126.12000274658203,126.66000366210938,125.7237777709961,192541500
2020-12-21,125.0199966430664,128.30999755859375,123.44999694824219,128.22999572753906,127.28216552734375,121251600
2020-12-22,131.61000061035156,134.41000366210938,129.64999389648438,131.8800048828125,130.9051971435547,168904800
2020-12-23,132.16000366210938,132.42999267578125,130.77999877929688,130.9600067138672,129.9919891357422,88223700
2020-12-24,131.32000732421875,133.4600067138672,131.10000610351562,131.97000122070312,130.99453735351562,54930100
2020-12-28,133.99000549316406,137.33999633789062,133.50999450683594,136.69000244140625,135.6796417236328,124486200
2020-12-29,138.0500030517578,138.7899932861328,134.33999633789062,134.8699951171875,133.87306213378906,121047300
2020-12-30,135.5800018310547,135.99000549316406,133.39999389648438,133.72000122070312,132.73159790039062,96452100
2020-12-31,134.0800018310547,134.74000549316406,131.72000122070312,132.69000244140625,131.70919799804688,99116600
2021-01-04,133.52000427246094,133.61000061035156,126.76000213623047,129.41000366210938,128.4534454345703,143301900
2021-01-05,128.88999938964844,131.74000549316406,128.42999267578125,131.00999450683594,130.04161071777344,97664900
2021-01-06,127.72000122070312,131.0500030517578,126.37999725341797,126.5999984741211,125.6642074584961,155088000
2021-01-07,128.36000061035156,131.6300048828125,127.86000061035156,130.9199981689453,129.9522705078125,109578200
2021-01-08,132.42999267578125,132.6300048828125,130.22999572753906,132.0500030517578,131.0739288330078,105158200
2021-01-11,129.19000244140625,130.1699981689453,128.5,128.97999572753906,128.02662658691406,100384500
2021-01-12,128.5,129.69000244140625,126.86000061035156,128.8000030517578,127.84793853759766,91951100
2021-01-13,128.75999450683594,131.4499969482422,128.49000549316406,130.88999938964844,129.92250061035156,88636800
2021-01-14,130.8000030517578,131.0,128.75999450683594,128.91000366210938,127.95714569091797,90221800
2021-01-15,128.77999877929688,130.22000122070312,127.0,127.13999938964844,126.20022583007812,111598500
2021-01-19,127.77999877929688,128.7100067138672,126.94000244140625,127.83000183105469,126.8851318359375,90757300
2021-01-20,128.66000366210938,132.49000549316406,128.5500030517578,132.02999877929688,131.0540771484375,104319500
2021-01-21,133.8000030517578,139.6699981689453,133.58999633789062,136.8699951171875,135.85829162597656,120150900
2021-01-22,136.27999877929688,139.85000610351562,135.02000427246094,139.07000732421875,138.04205322265625,114459400
2021-01-25,143.07000732421875,145.08999633789062,136.5399932861328,142.9199981689453,141.8635711669922,157611700
2021-01-26,143.60000610351562,144.3000030517578,141.3699951171875,143.16000366210938,142.101806640625,98390600
2021-01-27,143.42999267578125,144.3000030517578,140.41000366210938,142.05999755859375,141.0099334716797,140843800
2021-01-28,139.52000427246094,141.99000549316406,136.6999969482422,137.08999633789062,136.07667541503906,142621100
2021-01-29,135.8300018310547,136.74000549316406,130.2100067138672,131.9600067138672,130.984619140625,177523800
2021-02-01,133.75,135.3800048828125,130.92999267578125,134.13999938964844,133.14849853515625,106239800
2021-02-02,135.72999572753906,136.30999755859375,134.61000061035156,134.99000549316406,133.99221801757812,83305400
2021-02-03,135.75999450683594,135.77000427246094,133.61000061035156,133.94000244140625,132.94996643066406,89880900
2021-02-04,136.3000030517578,137.39999389648438,134.58999633789062,137.38999938964844,136.37445068359375,84183100
2021-02-05,137.35000610351562,137.4199981689453,135.86000061035156,136.75999450683594,135.95196533203125,75693800
2021-02-08,136.02999877929688,136.9600067138672,134.9199981689453,136.91000366210938,136.10107421875,71297200
2021-02-09,136.6199951171875,137.8800048828125,135.85000610351562,136.00999450683594,135.20639038085938,76774200
2021-02-10,136.47999572753906,136.99000549316406,134.39999389648438,135.38999938964844,134.59007263183594,73046600
2021-02-11,135.89999389648438,136.38999938964844,133.77000427246094,135.1300048828125,134.33160400390625,64280000
2021-02-12,134.35000610351562,135.52999877929688,133.69000244140625,135.3699951171875,134.57017517089844,60145100
2021-02-16,135.49000549316406,136.00999450683594,132.7899932861328,133.19000244140625,132.40306091308594,80576300
2021-02-17,131.25,132.22000122070312,129.47000122070312,130.83999633789062,130.06692504882812,97918500
2021-02-18,129.1999969482422,130.0,127.41000366210938,129.7100067138672,128.94361877441406,96856700
2021-02-19,130.24000549316406,130.7100067138672,128.8000030517578,129.8699951171875,129.10267639160156,87668800
2021-02-22,128.00999450683594,129.72000122070312,125.5999984741211,126.0,125.25554656982422,103916400
2021-02-23,123.76000213623047,126.70999908447266,118.38999938964844,125.86000061035156,125.11637115478516,158273000
2021-02-24,124.94000244140625,125.55999755859375,122.2300033569336,125.3499984741211,124.60938262939453,111039900
2021-02-25,124.68000030517578,126.45999908447266,120.54000091552734,120.98999786376953,120.27513885498047,148199500
2021-02-26,122.58999633789062,124.8499984741211,121.19999694824219,121.26000213623047,120.5435562133789,164560400
2021-03-01,123.75,127.93000030517578,122.79000091552734,127.79000091552734,127.03496551513672,116307900
2021-03-02,128.41000366210938,128.72000122070312,125.01000213623047,125.12000274658203,124.38074493408203,102260900
2021-03-03,124.80999755859375,125.70999908447266,121.83999633789062,122.05999755859375,121.33882141113281,112966300
2021-03-04,121.75,123.5999984741211,118.62000274658203,120.12999725341797,119.42022705078125,178155000
2021-03-05,120.9800033569336,121.94000244140625,117.56999969482422,121.41999816894531,120.70259857177734,153766600
2021-03-08,120.93000030517578,121.0,116.20999908447266,116.36000061035156,115.67249298095703,154376600
2021-03-09,119.02999877929688,122.05999755859375,118.79000091552734,121.08999633789062,120.37454223632812,129525800
2021-03-10,121.69000244140625,122.16999816894531,119.44999694824219,119.9800033569336,119.2711181640625,111943300
2021-03-11,122.54000091552734,123.20999908447266,121.26000213623047,121.95999908447266,121.23941040039062,103026500
2021-03-12,120.4000015258789,121.16999816894531,119.16000366210938,121.02999877929688,120.31490325927734,88105100
2021-03-15,121.41000366210938,124.0,120.41999816894531,123.98999786376953,123.25741577148438,92403800
2021-03-16,125.69999694824219,127.22000122070312,124.72000122070312,125.56999969482422,124.82807922363281,115227900
2021-03-17,124.05000305175781,125.86000061035156,122.33999633789062,124.76000213623047,124.02286529541016,111932600
2021-03-18,122.87999725341797,123.18000030517578,120.31999969482422,120.52999877929688,119.81786346435547,121229700
2021-03-19,119.9000015258789,121.43000030517578,119.68000030517578,119.98999786376953,119.28105163574219,185549500
2021-03-22,120.33000183105469,123.87000274658203,120.26000213623047,123.38999938964844,122.66096496582031,111912300
2021-03-23,123.33000183105469,124.23999786376953,122.13999938964844,122.54000091552734,121.81598663330078,95467100
2021-03-24,122.81999969482422,122.9000015258789,120.06999969482422,120.08999633789062,119.38045501708984,88530500
2021-03-25,119.54000091552734,121.66000366210938,119.0,120.58999633789062,119.87750244140625,98844700
2021-03-26,120.3499984741211,121.4800033569336,118.91999816894531,121.20999908447266,120.49384307861328,94071200
2021-03-29,121.6500015258789,122.58000183105469,120.7300033569336,121.38999938964844,120.67277526855469,80819200
2021-03-30,120.11000061035156,120.4000015258789,118.86000061035156,119.9000015258789,119.19158172607422,85671900
2021-03-31,121.6500015258789,123.5199966430664,121.1500015258789,122.1500015258789,121.42829132080078,118323800
2021-04-01,123.66000366210938,124.18000030517578,122.48999786376953,123.0,122.27326965332031,75089100
2021-04-05,123.87000274658203,126.16000366210938,123.06999969482422,125.9000015258789,125.1561279296875,88651200
2021-04-06,126.5,127.12999725341797,125.6500015258789,126.20999908447266,125.46429443359375,80171300
2021-04-07,125.83000183105469,127.91999816894531,125.13999938964844,127.9000015258789,127.14432525634766,83466700
2021-04-08,128.9499969482422,130.38999938964844,128.52000427246094,130.36000061035156,129.5897674560547,88844600
2021-04-09,129.8000030517578,133.0399932861328,129.47000122070312,133.0,132.2141876220703,106686700
2021-04-12,132.52000427246094,132.85000610351562,130.6300048828125,131.24000549316406,130.46458435058594,91420000
2021-04-13,132.44000244140625,134.66000366210938,131.92999267578125,134.42999267578125,133.63572692871094,91266500
2021-04-14,134.94000244140625,135.0,131.66000366210938,132.02999877929688,131.24990844726562,87222800
2021-04-15,133.82000732421875,135.0,133.63999938964844,134.5,133.705322265625,89347100
2021-04-16,134.3000030517578,134.6699981689453,133.27999877929688,134.16000366210938,133.36732482910156,84922400
2021-04-19,133.50999450683594,135.47000122070312,133.33999633789062,134.83999633789062,134.04331970214844,94264200
2021-04-20,135.02000427246094,135.52999877929688,131.80999755859375,133.11000061035156,132.32354736328125,94812300
2021-04-21,132.36000061035156,133.75,131.3000030517578,133.5,132.7112274169922,68847100
2021-04-22,133.0399932861328,134.14999389648438,131.41000366210938,131.94000244140625,131.1604461669922,84566500
2021-04-23,132.16000366210938,135.1199951171875,132.16000366210938,134.32000732421875,133.52639770507812,78657500
2021-04-26,134.8300018310547,135.05999755859375,133.55999755859375,134.72000122070312,133.9240264892578,66905100
2021-04-27,135.00999450683594,135.41000366210938,134.11000061035156,134.38999938964844,133.59597778320312,66015800
2021-04-28,134.30999755859375,135.02000427246094,133.0800018310547,133.5800018310547,132.79075622558594,107760100
2021-04-29,136.47000122070312,137.07000732421875,132.4499969482422,133.47999572753906,132.69134521484375,151101000
2021-04-30,131.77999877929688,133.55999755859375,131.07000732421875,131.4600067138672,130.68328857421875,109839500
2021-05-03,132.0399932861328,134.07000732421875,131.8300018310547,132.5399932861328,131.75689697265625,75135100
2021-05-04,131.19000244140625,131.49000549316406,126.69999694824219,127.8499984741211,127.09461212158203,137564700
2021-05-05,129.1999969482422,130.4499969482422,127.97000122070312,128.10000610351562,127.3431396484375,84000900
2021-05-06,127.88999938964844,129.75,127.12999725341797,129.74000549316406,128.97344970703125,78128300
2021-05-07,130.85000610351562,131.25999450683594,129.47999572753906,130.2100067138672,129.66053771972656,78973300
2021-05-10,129.41000366210938,129.5399932861328,126.80999755859375,126.8499984741211,126.31471252441406,88071200
2021-05-11,123.5,126.2699966430664,122.7699966430664,125.91000366210938,125.3786849975586,126142800
2021-05-12,123.4000015258789,124.63999938964844,122.25,122.7699966430664,122.25192260742188,112172300
2021-05-13,124.58000183105469,126.1500015258789,124.26000213623047,124.97000122070312,124.44264221191406,105861300
2021-05-14,126.25,127.88999938964844,125.8499984741211,127.44999694824219,126.91217803955078,81918000
2021-05-17,126.81999969482422,126.93000030517578,125.16999816894531,126.2699966430664,125.7371597290039,74244600
2021-05-18,126.55999755859375,126.98999786376953,124.77999877929688,124.8499984741211,124.32315063476562,63342900
2021-05-19,123.16000366210938,124.91999816894531,122.86000061035156,124.69000244140625,124.16382598876953,92612000
2021-05-20,125.2300033569336,127.72000122070312,125.0999984741211,127.30999755859375,126.77276611328125,76857100
2021-05-21,127.81999969482422,128.0,125.20999908447266,125.43000030517578,124.90070343017578,79295400
2021-05-24,126.01000213623047,127.94000244140625,125.94000244140625,127.0999984741211,126.56365203857422,63092900
2021-05-25,127.81999969482422,128.32000732421875,126.31999969482422,126.9000015258789,126.36449432373047,72009500
2021-05-26,126.95999908447266,127.38999938964844,126.41999816894531,126.8499984741211,126.31471252441406,56575900
2021-05-27,126.44000244140625,127.63999938964844,125.08000183105469,125.27999877929688,124.7513427734375,94625600
2021-05-28,125.56999969482422,125.80000305175781,124.55000305175781,124.61000061035156,124.08415985107422,71311100
2021-06-01,125.08000183105469,125.3499984741211,123.94000244140625,124.27999877929688,123.75554656982422,67637100
2021-06-02,124.27999877929688,125.23999786376953,124.05000305175781,125.05999755859375,124.53226470947266,59278900
2021-06-03,124.68000030517578,124.8499984741211,123.12999725341797,123.54000091552734,123.0186767578125,76229200
2021-06-04,124.06999969482422,126.16000366210938,123.8499984741211,125.88999938964844,125.3587646484375,75169300
2021-06-07,126.16999816894531,126.31999969482422,124.83000183105469,125.9000015258789,125.36872100830078,71057600
2021-06-08,126.5999984741211,128.4600067138672,126.20999908447266,126.73999786376953,126.2051773071289,74403800
2021-06-09,127.20999908447266,127.75,126.5199966430664,127.12999725341797,126.59352111816406,56877900
2021-06-10,127.0199966430664,128.19000244140625,125.94000244140625,126.11000061035156,125.57783508300781,71186400
2021-06-11,126.52999877929688,127.44000244140625,126.0999984741211,127.3499984741211,126.81259155273438,53522400
2021-06-14,127.81999969482422,130.5399932861328,127.06999969482422,130.47999572753906,129.9293975830078,96906500
2021-06-15,129.94000244140625,130.60000610351562,129.38999938964844,129.63999938964844,129.0929412841797,62746300
2021-06-16,130.3699951171875,130.88999938964844,128.4600067138672,130.14999389648438,129.6007843017578,91815000
2021-06-17,129.8000030517578,132.5500030517578,129.64999389648438,131.7899932861328,131.23385620117188,96721700
2021-06-18,130.7100067138672,131.50999450683594,130.24000549316406,130.4600067138672,129.9095001220703,108953300
2021-06-21,130.3000030517578,132.41000366210938,129.2100067138672,132.3000030517578,131.74169921875,79663300
2021-06-22,132.1300048828125,134.0800018310547,131.6199951171875,133.97999572753906,133.41461181640625,74783600
2021-06-23,133.77000427246094,134.32000732421875,133.22999572753906,133.6999969482422,133.13580322265625,60214200
2021-06-24,134.4499969482422,134.63999938964844,132.92999267578125,133.41000366210938,132.8470458984375,68711000
2021-06-25,133.4600067138672,133.88999938964844,132.80999755859375,133.11000061035156,132.5482940673828,70783700
2021-06-28,133.41000366210938,135.25,133.35000610351562,134.77999877929688,134.2112579345703,62111300
2021-06-29,134.8000030517578,136.49000549316406,134.35000610351562,136.3300018310547,135.75469970703125,64556100
2021-06-30,136.1699981689453,137.41000366210938,135.8699951171875,136.9600067138672,136.38204956054688,63261400
2021-07-01,136.60000610351562,137.3300018310547,135.75999450683594,137.27000427246094,136.6907501220703,52485800
2021-07-02,137.89999389648438,140.0,137.75,139.9600067138672,139.36940002441406,78852600
2021-07-06,140.07000732421875,143.14999389648438,140.07000732421875,142.02000427246094,141.42071533203125,108181800
2021-07-07,143.5399932861328,144.88999938964844,142.66000366210938,144.57000732421875,143.95994567871094,104911600
2021-07-08,141.5800018310547,144.05999755859375,140.6699981689453,143.24000549316406,142.6355438232422,105575500
2021-07-09,142.75,145.64999389648438,142.64999389648438,145.11000061035156,144.49765014648438,99890800
2021-07-12,146.2100067138672,146.32000732421875,144.0,144.5,143.89022827148438,76299700
2021-07-13,144.02999877929688,147.4600067138672,143.6300048828125,145.63999938964844,145.02542114257812,100827100
2021-07-14,148.10000610351562,149.57000732421875,147.67999267578125,149.14999389648438,148.5205841064453,127050800
2021-07-15,149.24000549316406,150.0,147.08999633789062,148.47999572753906,147.85342407226562,106820300
2021-07-16,148.4600067138672,149.75999450683594,145.8800048828125,146.38999938964844,145.77224731445312,93251400
2021-07-19,143.75,144.07000732421875,141.6699981689453,142.4499969482422,141.84889221191406,121434600
2021-07-20,143.4600067138672,147.10000610351562,142.9600067138672,146.14999389648438,145.5332489013672,96350000
2021-07-21,145.52999877929688,146.1300048828125,144.6300048828125,145.39999389648438,144.78643798828125,74993500
2021-07-22,145.94000244140625,148.1999969482422,145.80999755859375,146.8000030517578,146.18052673339844,77338200
2021-07-23,147.5500030517578,148.72000122070312,146.9199981689453,148.55999755859375,147.93309020996094,71447400
2021-07-26,148.27000427246094,149.8300018310547,147.6999969482422,148.99000549316406,148.36129760742188,72434100
2021-07-27,149.1199951171875,149.2100067138672,145.5500030517578,146.77000427246094,146.15066528320312,104818600
2021-07-28,144.80999755859375,146.97000122070312,142.5399932861328,144.97999572753906,144.3682098388672,118931200
2021-07-29,144.69000244140625,146.5500030517578,144.5800018310547,145.63999938964844,145.02542114257812,56699500
2021-07-30,144.3800048828125,146.3300018310547,144.11000061035156,145.86000061035156,145.2445068359375,70382000
2021-08-02,146.36000061035156,146.9499969482422,145.25,145.52000427246094,144.9059295654297,62880000
2021-08-03,145.80999755859375,148.0399932861328,145.17999267578125,147.36000061035156,146.73817443847656,64786600
2021-08-04,147.27000427246094,147.7899932861328,146.27999877929688,146.9499969482422,146.32989501953125,56368300
2021-08-05,146.97999572753906,147.83999633789062,146.1699981689453,147.05999755859375,146.43942260742188,46397700
2021-08-06,146.35000610351562,147.11000061035156,145.6300048828125,146.13999938964844,145.7413330078125,54067400
2021-08-09,146.1999969482422,146.6999969482422,145.52000427246094,146.08999633789062,145.69146728515625,48908700
2021-08-10,146.44000244140625,147.7100067138672,145.3000030517578,145.60000610351562,145.20281982421875,69023100
2021-08-11,146.0500030517578,146.72000122070312,145.52999877929688,145.86000061035156,145.4621124267578,48493500
2021-08-12,146.19000244140625,149.0500030517578,145.83999633789062,148.88999938964844,148.4838409423828,72282600
2021-08-13,148.97000122070312,149.44000244140625,148.27000427246094,149.10000610351562,148.69326782226562,59318800
2021-08-16,148.5399932861328,151.19000244140625,146.47000122070312,151.1199951171875,150.70774841308594,103296000
2021-08-17,150.22999572753906,151.67999267578125,149.08999633789062,150.19000244140625,149.78030395507812,92229700
2021-08-18,149.8000030517578,150.72000122070312,146.14999389648438,146.36000061035156,145.9607391357422,86326000
2021-08-19,145.02999877929688,148.0,144.5,146.6999969482422,146.29981994628906,86960300
2021-08-20,147.44000244140625,148.5,146.77999877929688,148.19000244140625,147.78575134277344,59947400
2021-08-23,148.30999755859375,150.19000244140625,147.88999938964844,149.7100067138672,149.30162048339844,60131800
2021-08-24,149.4499969482422,150.86000061035156,149.14999389648438,149.6199951171875,149.2118377685547,48606400
2021-08-25,149.80999755859375,150.32000732421875,147.8000030517578,148.36000061035156,147.9552764892578,58991300
2021-08-26,148.35000610351562,149.1199951171875,147.50999450683594,147.5399932861328,147.1375274658203,48597200
2021-08-27,147.47999572753906,148.75,146.8300018310547,148.60000610351562,148.19464111328125,55721500
2021-08-30,149.0,153.49000549316406,148.61000061035156,153.1199951171875,152.70228576660156,90956700
2021-08-31,152.66000366210938,152.8000030517578,151.2899932861328,151.8300018310547,151.4158172607422,86453100
2021-09-01,152.8300018310547,154.97999572753906,152.33999633789062,152.50999450683594,152.09396362304688,80313700
2021-09-02,153.8699951171875,154.72000122070312,152.39999389648438,153.64999389648438,153.23085021972656,71115500
2021-09-03,153.75999450683594,154.6300048828125,153.08999633789062,154.3000030517578,153.87908935546875,57808700
2021-09-07,154.97000122070312,157.25999450683594,154.38999938964844,156.69000244140625,156.2625732421875,82278300
2021-09-08,156.97999572753906,157.0399932861328,153.97999572753906,155.11000061035156,154.68687438964844,74420200
2021-09-09,155.49000549316406,156.11000061035156,153.9499969482422,154.07000732421875,153.64971923828125,57305700
2021-09-10,155.0,155.47999572753906,148.6999969482422,148.97000122070312,148.56361389160156,140646400
2021-09-13,150.6300048828125,151.4199981689453,148.75,149.5500030517578,149.1420440673828,102404300
2021-09-14,150.35000610351562,151.07000732421875,146.91000366210938,148.1199951171875,147.71592712402344,109296300
2021-09-15,148.55999755859375,149.44000244140625,146.3699951171875,149.02999877929688,148.6234588623047,83281300
2021-09-16,148.44000244140625,148.97000122070312,147.22000122070312,148.7899932861328,148.38409423828125,68034100
2021-09-17,148.82000732421875,148.82000732421875,145.75999450683594,146.05999755859375,145.66156005859375,129868800
2021-09-20,143.8000030517578,144.83999633789062,141.27000427246094,142.94000244140625,142.55006408691406,123478900
2021-09-21,143.92999267578125,144.60000610351562,142.77999877929688,143.42999267578125,143.03872680664062,75834000
2021-09-22,144.4499969482422,146.42999267578125,143.6999969482422,145.85000610351562,145.45213317871094,76404300
2021-09-23,146.64999389648438,147.0800018310547,145.63999938964844,146.8300018310547,146.42945861816406,64838200
2021-09-24,145.66000366210938,147.47000122070312,145.55999755859375,146.9199981689453,146.5192108154297,53477900
2021-09-27,145.47000122070312,145.9600067138672,143.82000732421875,145.3699951171875,144.97344970703125,74150700
2021-09-28,143.25,144.75,141.69000244140625,141.91000366210938,141.52288818359375,108972300
2021-09-29,142.47000122070312,144.4499969482422,142.02999877929688,142.8300018310547,142.44036865234375,74602000
2021-09-30,143.66000366210938,144.3800048828125,141.27999877929688,141.5,141.11399841308594,88934200
2021-10-01,141.89999389648438,142.9199981689453,139.11000061035156,142.64999389648438,142.26084899902344,94639600
2021-10-04,141.75999450683594,142.2100067138672,138.27000427246094,139.13999938964844,138.76043701171875,98322000
2021-10-05,139.49000549316406,142.24000549316406,139.36000061035156,141.11000061035156,140.72506713867188,80861100
2021-10-06,139.47000122070312,142.14999389648438,138.3699951171875,142.0,141.61264038085938,83221100
2021-10-07,143.05999755859375,144.22000122070312,142.72000122070312,143.2899932861328,142.89910888671875,61732700
2021-10-08,144.02999877929688,144.17999267578125,142.55999755859375,142.89999389648438,142.51016235351562,58718700
2021-10-11,142.27000427246094,144.80999755859375,141.80999755859375,142.80999755859375,142.42042541503906,64452200
2021-10-12,143.22999572753906,143.25,141.0399932861328,141.50999450683594,141.12396240234375,73035900
2021-10-13,141.24000549316406,141.39999389648438,139.1999969482422,140.91000366210938,140.52560424804688,78762700
2021-10-14,142.11000061035156,143.8800048828125,141.50999450683594,143.75999450683594,143.36782836914062,69907100
2021-10-15,143.77000427246094,144.89999389648438,143.50999450683594,144.83999633789062,144.44488525390625,67885200
2021-10-18,143.4499969482422,146.83999633789062,143.16000366210938,146.5500030517578,146.1502227783203,85589200
2021-10-19,147.00999450683594,149.1699981689453,146.5500030517578,148.75999450683594,148.35418701171875,76378900
2021-10-20,148.6999969482422,149.75,148.1199951171875,149.25999450683594,148.8528289794922,58418800
2021-10-21,148.80999755859375,149.63999938964844,147.8699951171875,149.47999572753906,149.07223510742188,61421000
2021-10-22,149.69000244140625,150.17999267578125,148.63999938964844,148.69000244140625,148.28439331054688,58883400
2021-10-25,148.67999267578125,149.3699951171875,147.6199951171875,148.63999938964844,148.23452758789062,50720600
2021-10-26,149.3300018310547,150.83999633789062,149.00999450683594,149.32000732421875,148.9126739501953,60893400
2021-10-27,149.36000061035156,149.72999572753906,148.49000549316406,148.85000610351562,148.44395446777344,56094900
2021-10-28,149.82000732421875,153.1699981689453,149.72000122070312,152.57000732421875,152.15380859375,100077900
2021-10-29,147.22000122070312,149.94000244140625,146.41000366210938,149.8000030517578,149.391357421875,124850400
2021-11-01,148.99000549316406,149.6999969482422,147.8000030517578,148.9600067138672,148.55364990234375,74588300
2021-11-02,148.66000366210938,151.57000732421875,148.64999389648438,150.02000427246094,149.6107635498047,69122000
2021-11-03,150.38999938964844,151.97000122070312,149.82000732421875,151.49000549316406,151.07675170898438,54511500
2021-11-04,151.5800018310547,152.42999267578125,150.63999938964844,150.9600067138672,150.54818725585938,60394600
2021-11-05,151.88999938964844,152.1999969482422,150.05999755859375,151.27999877929688,151.08750915527344,65414600
2021-11-08,151.41000366210938,151.57000732421875,150.16000366210938,150.44000244140625,150.2485809326172,55020900
2021-11-09,150.1999969482422,151.42999267578125,150.05999755859375,150.80999755859375,150.61810302734375,56787900
2021-11-10,150.02000427246094,150.1300048828125,147.85000610351562,147.9199981689453,147.73178100585938,65187100
2021-11-11,148.9600067138672,149.42999267578125,147.67999267578125,147.8699951171875,147.6818389892578,41000000
2021-11-12,148.42999267578125,150.39999389648438,147.47999572753906,149.99000549316406,149.7991485595703,63632600
2021-11-15,150.3699951171875,151.8800048828125,149.42999267578125,150.0,149.8091278076172,59222800
2021-11-16,149.94000244140625,151.49000549316406,149.33999633789062,151.0,150.807861328125,59256200
2021-11-17,151.0,155.0,150.99000549316406,153.49000549316406,153.29469299316406,88807000
2021-11-18,153.7100067138672,158.6699981689453,153.0500030517578,157.8699951171875,157.6691131591797,137827700
2021-11-19,157.64999389648438,161.02000427246094,156.52999877929688,160.5500030517578,160.34571838378906,117305600
2021-11-22,161.67999267578125,165.6999969482422,161.0,161.02000427246094,160.8151092529297,117467900
2021-11-23,161.1199951171875,161.8000030517578,159.05999755859375,161.41000366210938,161.20462036132812,96041900
2021-11-24,160.75,162.13999938964844,159.63999938964844,161.94000244140625,161.73394775390625,69463600
2021-11-26,159.57000732421875,160.4499969482422,156.36000061035156,156.80999755859375,156.6104736328125,76959800
2021-11-29,159.3699951171875,161.19000244140625,158.7899932861328,160.24000549316406,160.03610229492188,88748200
2021-11-30,159.99000549316406,165.52000427246094,159.9199981689453,165.3000030517578,165.0896759033203,174048100
2021-12-01,167.47999572753906,170.3000030517578,164.52999877929688,164.77000427246094,164.5603485107422,152052500
2021-12-02,158.74000549316406,164.1999969482422,157.8000030517578,163.75999450683594,163.55162048339844,136739200
2021-12-03,164.02000427246094,164.9600067138672,159.72000122070312,161.83999633789062,161.63406372070312,117938300
2021-12-06,164.2899932861328,167.8800048828125,164.27999877929688,165.32000732421875,165.10964965820312,107497000
2021-12-07,169.0800018310547,171.5800018310547,168.33999633789062,171.17999267578125,170.96217346191406,120405400
2021-12-08,172.1300048828125,175.9600067138672,170.6999969482422,175.0800018310547,174.8572235107422,116998900
2021-12-09,174.91000366210938,176.75,173.9199981689453,174.55999755859375,174.33787536621094,108923700
2021-12-10,175.2100067138672,179.6300048828125,174.69000244140625,179.4499969482422,179.22166442871094,115228100
2021-12-13,181.1199951171875,182.1300048828125,175.52999877929688,175.74000549316406,175.51638793945312,153237000
2021-12-14,175.25,177.74000549316406,172.2100067138672,174.3300018310547,174.10818481445312,139380400
2021-12-15,175.11000061035156,179.5,172.30999755859375,179.3000030517578,179.0718536376953,131063300
2021-12-16,179.27999877929688,181.13999938964844,170.75,172.25999450683594,172.04080200195312,150185800
2021-12-17,169.92999267578125,173.47000122070312,169.69000244140625,171.13999938964844,170.9222412109375,195432700
2021-12-20,168.27999877929688,170.5800018310547,167.4600067138672,169.75,169.53399658203125,107499100
2021-12-21,171.55999755859375,173.1999969482422,169.1199951171875,172.99000549316406,172.76988220214844,91185900
2021-12-22,173.0399932861328,175.86000061035156,172.14999389648438,175.63999938964844,175.41650390625,92135300
2021-12-23,175.85000610351562,176.85000610351562,175.27000427246094,176.27999877929688,176.05569458007812,68356600
2021-12-27,177.08999633789062,180.4199981689453,177.07000732421875,180.3300018310547,180.1005401611328,74919600
2021-12-28,180.16000366210938,181.3300018310547,178.52999877929688,179.2899932861328,179.06185913085938,79144300
2021-12-29,179.3300018310547,180.6300048828125,178.13999938964844,179.3800048828125,179.15174865722656,62348900
2021-12-30,179.47000122070312,180.57000732421875,178.08999633789062,178.1999969482422,177.97325134277344,59773000
2021-12-31,178.08999633789062,179.22999572753906,177.25999450683594,177.57000732421875,177.34405517578125,64062300
2022-01-03,177.8300018310547,182.8800048828125,177.7100067138672,182.00999450683594,181.7783966064453,104487900
2022-01-04,182.6300048828125,182.94000244140625,179.1199951171875,179.6999969482422,179.47134399414062,99310400
2022-01-05,179.61000061035156,180.1699981689453,174.63999938964844,174.9199981689453,174.69741821289062,94537600
2022-01-06,172.6999969482422,175.3000030517578,171.63999938964844,172.0,171.78114318847656,96904000
2022-01-07,172.88999938964844,174.13999938964844,171.02999877929688,172.1699981689453,171.950927734375,86580100
2022-01-10,169.0800018310547,172.5,168.1699981689453,172.19000244140625,171.9709014892578,106765600
2022-01-11,172.32000732421875,175.17999267578125,170.82000732421875,175.0800018310547,174.8572235107422,76138300
2022-01-12,176.1199951171875,177.17999267578125,174.82000732421875,175.52999877929688,175.306640625,74805200
2022-01-13,175.77999877929688,176.6199951171875,171.7899932861328,172.19000244140625,171.9709014892578,84505800
2022-01-14,171.33999633789062,173.77999877929688,171.08999633789062,173.07000732421875,172.84979248046875,80355000
2022-01-18,171.50999450683594,172.5399932861328,169.41000366210938,169.8000030517578,169.5839385986328,90956700
2022-01-19,170.0,171.0800018310547,165.94000244140625,166.22999572753906,166.0184783935547,94815000
2022-01-20,166.97999572753906,169.67999267578125,164.17999267578125,164.50999450683594,164.3006591796875,91420500
2022-01-21,164.4199981689453,166.3300018310547,162.3000030517578,162.41000366210938,162.20335388183594,122848900
2022-01-24,160.02000427246094,162.3000030517578,154.6999969482422,161.6199951171875,161.41433715820312,162294600
2022-01-25,158.97999572753906,162.75999450683594,157.02000427246094,159.77999877929688,159.57669067382812,115798400
2022-01-26,163.5,164.38999938964844,157.82000732421875,159.69000244140625,159.48680114746094,108275300
2022-01-27,162.4499969482422,163.83999633789062,158.27999877929688,159.22000122070312,159.0174102783203,121954600
2022-01-28,165.7100067138672,170.35000610351562,162.8000030517578,170.3300018310547,170.11326599121094,179935700
2022-01-31,170.16000366210938,175.0,169.50999450683594,174.77999877929688,174.55760192871094,115541600
2022-02-01,174.00999450683594,174.83999633789062,172.30999755859375,174.61000061035156,174.3878173828125,86213900
2022-02-02,174.75,175.8800048828125,173.3300018310547,175.83999633789062,175.6162567138672,84914300
2022-02-03,174.47999572753906,176.24000549316406,172.1199951171875,172.89999389648438,172.67999267578125,89418100
2022-02-04,171.67999267578125,174.10000610351562,170.67999267578125,172.38999938964844,172.38999938964844,82391400
2022-02-07,172.86000061035156,173.9499969482422,170.9499969482422,171.66000366210938,171.66000366210938,77251200
2022-02-08,171.72999572753906,175.35000610351562,171.42999267578125,174.8300018310547,174.8300018310547,74829200
2022-02-09,176.0500030517578,176.64999389648438,174.89999389648438,176.27999877929688,176.27999877929688,71285000
2022-02-10,174.13999938964844,175.47999572753906,171.5500030517578,172.1199951171875,172.1199951171875,90865900
2022-02-11,172.3300018310547,173.0800018310547,168.0399932861328,168.63999938964844,168.63999938964844,98566000
2022-02-14,167.3699951171875,169.5800018310547,166.55999755859375,168.8800048828125,168.8800048828125,86185500
2022-02-15,170.97000122070312,172.9499969482422,170.25,172.7899932861328,172.7899932861328,64286300
2022-02-16,171.85000610351562,173.33999633789062,170.0500030517578,172.5500030517578,172.5500030517578,61177400
2022-02-17,171.02999877929688,171.91000366210938,168.47000122070312,168.8800048828125,168.8800048828125,69589300
2022-02-18,169.82000732421875,170.5399932861328,166.19000244140625,167.3000030517578,167.3000030517578,82614200
2022-02-22,164.97999572753906,166.69000244140625,162.14999389648438,164.32000732421875,164.32000732421875,91162800
2022-02-23,165.5399932861328,166.14999389648438,159.75,160.07000732421875,160.07000732421875,90009200
2022-02-24,152.5800018310547,162.85000610351562,152.0,162.74000549316406,162.74000549316406,141147500
2022-02-25,163.83999633789062,165.1199951171875,160.8699951171875,164.85000610351562,164.85000610351562,91881700
